{
  "N": 5,
  "depth": 5,
  "nSamples": 1000,
  "MaxDim": 200,
  "probs": [0.0181977, 0.0194988, 0.00840821, 0.0240781, 0.0577419, 0.108293, 0.0294256, 0.0337859, 0.0257507, 0.067699, 0.0196514, 0.00244641, 0.00304072, 0.0196713, 0.00835233, 0.00293616, 0.0566689, 0.021451, 0.0411773, 0.000764966, 0.0674662, 0.0227798, 0.0373399, 0.00311685, 0.0263824, 0.00468602, 0.00344106, 0.0278306, 0.0840419, 0.0253885, 0.0651648, 0.0633223],
  "counts": [12, 15, 9, 10, 48, 104, 21, 43, 24, 74, 17, 3, 2, 25, 5, 4, 59, 24, 53, 0, 83, 26, 33, 5, 28, 3, 5, 30, 77, 21, 71, 66]
}
